supplier_id,supplier_name,contact_person,phone,city
1,TechZone Suppliers,Arun,9876543210,Chennai
2,Digital World,Priya,9876543211,Coimbatore
3,Smart Electronics,Kumar,9876543212,Madurai
4,Office Hub,Divya,9876543213,Chennai
5,NextGen Distributors,Rahul,9876543214,Bangalore
6,Prime Tech Solutions,Suresh,9876543215,Chennai
7,Global IT Traders,Meena,9876543216,Bangalore
8,Metro Electronics,Vijay,9876543217,Hyderabad
9,Computer World,Anitha,9876543218,Coimbatore
10,Tech Point Distributors,Mohan,9876543219,Madurai